first_name,last_name,company_name,address,city
James,Butt,"Benton, John B Jr",6649 N Blue Gum St,New Orleans
Josephine,Darakjy,"Chanay, Jeffrey A Esq",4 B Blue Ridge Blvd,Brighton
Art,Venere,"Chemel, James L Cpa",8 W Cerritos Ave #54,Bridgeport
Lenna,Paprocki,Feltz Printing Service,639 Main St,Anchorage
Donette,Foller,Printing Dimensions,34 Center St,Hamilton
Simona,Morasca,"Chapman, Ross E Esq",3 Mcauley Dr,Ashland
Mitsue,Tollner,Morlong Associates,7 Eads St,Chicago
Leota,Dilliard,Commercial Press,7 W Jackson Blvd,San Jose
Sage,Wieser,Truhlar And Truhlar Attys,5 Boston Ave #88,Sioux Falls
Kris,Marrier,"King, Christopher A Esq",228 Runamuck Pl #2808,Baltimore
Minna,Amigon,"Dorl, James J Esq",2371 Jerrold Ave,Kulpsville
Abel,Maclead,Rangoni Of Florence,37275 St  Rt 17m M,Middle Island
Kiley,Caldarera,Feiner Bros,25 E 75th St #69,Los Angeles
Graciela,Ruta,Buckley Miller & Wright,98 Connecticut Ave Nw,Chagrin Falls
Cammy,Albares,"Rousseaux, Michael Esq",56 E Morehead St,Laredo
Mattie,Poquette,Century Communications,73 State Road 434 E,Phoenix
Meaghan,Garufi,"Bolton, Wilbur Esq",69734 E Carrillo St,Mc Minnville
Gladys,Rim,T M Byxbee Company Pc,322 New Horizon Blvd,Milwaukee
Yuki,Whobrey,Farmers Insurance Group,1 State Route 27,Taylor
Fletcher,Flosi,Post Box Services Plus,394 Manchester Blvd,Rockford
Bette,Nicka,Sport En Art,6 S 33rd St,Aston
Veronika,Inouye,C 4 Network Inc,6 Greenleaf Ave,San Jose
Willard,Kolmetz,"Ingalls, Donald R Esq",618 W Yakima Ave,Irving
Maryann,Royster,"Franklin, Peter L Esq",74 S Westgate St,Albany
Alisha,Slusarski,Wtlz Power 107 Fm,3273 State St,Middlesex
Allene,Iturbide,"Ledecky, David Esq",1 Central Ave,Stevens Point
Chanel,Caudy,Professional Image Inc,86 Nw 66th St #8673,Shawnee
Ezekiel,Chui,"Sider, Donald C Esq",2 Cedar Ave #84,Easton
Willow,Kusko,U Pull It,90991 Thorburn Ave,New York
Bernardo,Figeroa,"Clark, Richard Cpa",386 9th Ave N,Conroe
Ammie,Corrio,"Moskowitz, Barry S",74874 Atlantic Ave,Columbus
Francine,Vocelka,Cascade Realty Advisors Inc,366 South Dr,Las Cruces
Ernie,Stenseth,Knwz Newsradio,45 E Liberty St,Ridgefield Park
Albina,Glick,"Giampetro, Anthony D",4 Ralph Ct,Dunellen
Alishia,Sergi,Milford Enterprises Inc,2742 Distribution Way,New York
Solange,Shinko,"Mosocco, Ronald A",426 Wolf St,Metairie
Jose,Stockham,Tri State Refueler Co,128 Bransten Rd,New York
Rozella,Ostrosky,Parkway Company,17 Morena Blvd,Camarillo
Valentine,Gillian,Fbs Business Finance,775 W 17th St,San Antonio
Kati,Rulapaugh,Eder Assocs Consltng Engrs Pc,6980 Dorsett Rd,Abilene
Youlanda,Schemmer,Tri M Tool Inc,2881 Lewis Rd,Prineville
Dyan,Oldroyd,International Eyelets Inc,7219 Woodfield Rd,Overland Park
Roxane,Campain,Rapid Trading Intl,1048 Main St,Fairbanks
Lavera,Perin,Abc Enterprises Inc,678 3rd Ave,Miami
Erick,Ferencz,Cindy Turner Associates,20 S Babcock St,Fairbanks
Fatima,Saylors,"Stanton, James D Esq",2 Lighthouse Ave,Hopkins
Jina,Briddick,Grace Pastries Inc,38938 Park Blvd,Boston
Kanisha,Waycott,"Schroer, Gene E Esq",5 Tomahawk Dr,Los Angeles
Emerson,Bowley,Knights Inn,762 S Main St,Madison
Blair,Malet,Bollinger Mach Shp & Shipyard,209 Decker Dr,Philadelphia
Brock,Bolognia,Orinda News,4486 W O St #1,New York
Lorrie,Nestle,Ballard Spahr Andrews,39 S 7th St,Tullahoma
Sabra,Uyetake,Lowy Limousine Service,98839 Hawthorne Blvd #6101,Columbia
Marjory,Mastella,Vicon Corporation,71 San Mateo Ave,Wayne
Karl,Klonowski,"Rossi, Michael M",76 Brooks St #9,Flemington
Tonette,Wenner,Northwest Publishing,4545 Courthouse Rd,Westbury
Amber,Monarrez,Branford Wire & Mfg Co,14288 Foster Ave #4121,Jenkintown
Shenika,Seewald,East Coast Marketing,4 Otis St,Van Nuys
Delmy,Ahle,Wye Technologies Inc,65895 S 16th St,Providence
Deeanna,Juhas,"Healy, George W Iv",14302 Pennsylvania Ave,Huntingdon Valley
Blondell,Pugh,Alpenlite Inc,201 Hawk Ct,Providence
Jamal,Vanausdal,"Hubbard, Bruce Esq",53075 Sw 152nd Ter #615,Monroe Township
Cecily,Hollack,Arthur A Oliver & Son Inc,59 N Groesbeck Hwy,Austin
Carmelina,Lindall,George Jessop Carter Jewelers,2664 Lewis Rd,Littleton
Maurine,Yglesias,"Schultz, Thomas C Md",59 Shady Ln #53,Milwaukee
Tawna,Buvens,H H H Enterprises Inc,3305 Nabell Ave #679,New York
Penney,Weight,Hawaiian King Hotel,18 Fountain St,Anchorage
Elly,Morocco,Killion Industries,7 W 32nd St,Erie
Ilene,Eroman,"Robinson, William J Esq",2853 S Central Expy,Glen Burnie
Vallie,Mondella,Private Properties,74 W College St,Boise
Kallie,Blackwood,Rowley Schlimgen Inc,701 S Harrison Rd,San Francisco
Johnetta,Abdallah,Forging Specialties,1088 Pinehurst St,Chapel Hill
Bobbye,Rhym,"Smits, Patricia Garity",30 W 80th St #1995,San Carlos
Micaela,Rhymes,H Lee Leonard Attorney At Law,20932 Hedley St,Concord
Tamar,Hoogland,A K Construction Co,2737 Pistorio Rd #9230,London
Moon,Parlato,"Ambelang, Jessica M Md",74989 Brandon St,Wellsville
Laurel,Reitler,Q A Service,6 Kains Ave,Baltimore
Delisa,Crupi,Wood & Whitacre Contractors,47565 W Grand Ave,Newark
Viva,Toelkes,Mark Iv Press Ltd,4284 Dorigo Ln,Chicago
Elza,Lipke,Museum Of Science & Industry,6794 Lake Dr E,Newark
Devorah,Chickering,Garrison Ind,31 Douglas Blvd #950,Clovis
Timothy,Mulqueen,Saronix Nymph Products,44 W 4th St,Staten Island
Arlette,Honeywell,Smc Inc,11279 Loytan St,Jacksonville
Dominque,Dickerson,E A I Electronic Assocs Inc,69 Marquette Ave,Hayward
Lettie,Isenhower,"Conte, Christopher A Esq",70 W Main St,Beachwood
Myra,Munns,Anker Law Office,461 Prospect Pl #316,Euless
Stephaine,Barfield,Beutelschies & Company,47154 Whipple Ave Nw,Gardena
Lai,Gato,"Fligg, Kenneth I Jr",37 Alabama Ave,Evanston
Stephen,Emigh,"Sharp, J Daniel Esq",3777 E Richmond St #900,Akron
Tyra,Shields,"Assink, Anne H Esq",3 Fort Worth Ave,Philadelphia
Tammara,Wardrip,Jewel My Shop Inc,4800 Black Horse Pike,Burlingame
Cory,Gibes,Chinese Translation Resources,83649 W Belmont Ave,San Gabriel
Danica,Bruschke,"Stevens, Charles T",840 15th Ave,Waco
Wilda,Giguere,"Mclaughlin, Luther W Cpa",1747 Calle Amanecer #2,Anchorage
Elvera,Benimadho,Tree Musketeers,99385 Charity St #840,San Jose
Carma,Vanheusen,Springfield Div Oh Edison Co,68556 Central Hwy,San Leandro
Malinda,Hochard,Logan Memorial Hospital,55 Riverside Ave,Indianapolis
Natalie,Fern,"Kelly, Charles G Esq",7140 University Ave,Rock Springs
Lisha,Centini,Industrial Paper Shredders Inc,64 5th Ave #1153,Mc Lean
Arlene,Klusman,Beck Horizon Builders,3 Secor Rd,New Orleans
Alease,Buemi,Porto Cayo At Hawks Cay,4 Webbs Chapel Rd,Boulder
Louisa,Cronauer,Pacific Grove Museum Ntrl Hist,524 Louisiana Ave Nw,San Leandro
Angella,Cetta,Bender & Hatley Pc,185 Blackstone Bldge,Honolulu
Cyndy,Goldammer,Di Cristina J & Son,170 Wyoming Ave,Burnsville
Rosio,Cork,Green Goddess,4 10th St W,High Point
Celeste,Korando,American Arts & Graphics,7 W Pinhook Rd,Lynbrook
Twana,Felger,Opryland Hotel,1 Commerce Way,Portland
Estrella,Samu,Marking Devices Pubg Co,64 Lakeview Ave,Beloit
Donte,Kines,W Tc Industries Inc,3 Aspen St,Worcester
Tiffiny,Steffensmeier,Whitehall Robbins Labs Divsn,32860 Sierra Rd,Miami
Edna,Miceli,Sampler,555 Main St,Erie
Sue,Kownacki,Juno Chefs Incorporated,2 Se 3rd Ave,Mesquite
Jesusa,Shin,"Carroccio, A Thomas Esq",2239 Shawnee Mission Pky,Tullahoma
Rolland,Francescon,"Stanley, Richard L Esq",2726 Charcot Ave,Paterson
Pamella,Schmierer,K Cs Cstm Mouldings Windows,5161 Dorsett Rd,Homestead
Glory,Kulzer,Comfort Inn,55892 Jacksonville Rd,Owings Mills
Shawna,Palaspas,"Windsor, James L Esq",5 N Cleveland Massillon Rd,Thousand Oaks
Brandon,Callaro,Jackson Shields Yeiser,7 Benton Dr,Honolulu
Scarlet,Cartan,"Box, J Calvin Esq",9390 S Howell Ave,Albany
Oretha,Menter,Custom Engineering Inc,8 County Center Dr #647,Boston
Ty,Smith,Bresler Eitel Framg Gllry Ltd,4646 Kaahumanu St,Hackensack
Xuan,Rochin,"Carol, Drake Sparks Esq",2 Monroe St,San Mateo
Lindsey,Dilello,Biltmore Investors Bank,52777 Leaders Heights Rd,Ontario
Devora,Perez,Desco Equipment Corp,72868 Blackington Ave,Oakland
Herman,Demesa,Merlin Electric Co,9 Norristown Rd,Troy
Rory,Papasergi,Bailey Cntl Co Div Babcock,83 County Road 437 #8581,Clarks Summit
Talia,Riopelle,Ford Brothers Wholesale Inc,1 N Harlem Ave #9,Orange
Van,Shire,Cambridge Inn,90131 J St,Pittstown
Lucina,Lary,"Matricciani, Albert J Jr",8597 W National Ave,Cocoa
Bok,Isaacs,Nelson Hawaiian Ltd,6 Gilson St,Bronx
Rolande,Spickerman,Neland Travel Agency,65 W Maple Ave,Pearl City
Howard,Paulas,"Asendorf, J Alan Esq",866 34th Ave,Denver
Kimbery,Madarang,"Silberman, Arthur L Esq",798 Lund Farm Way,Rockaway
Thurman,Manno,Honey Bee Breeding Genetics &,9387 Charcot Ave,Absecon
Becky,Mirafuentes,Wells Kravitz Schnitzer,30553 Washington Rd,Plainfield
Beatriz,Corrington,Prohab Rehabilitation Servs,481 W Lemon St,Middleboro
Marti,Maybury,"Eldridge, Kristin K Esq",4 Warehouse Point Rd #7,Chicago
Nieves,Gotter,"Vlahos, John J Esq",4940 Pulaski Park Dr,Portland
Leatha,Hagele,Ninas Indian Grs & Videos,627 Walford Ave,Dallas
Valentin,Klimek,"Schmid, Gayanne K Esq",137 Pioneer Way,Chicago
Melissa,Wiklund,Moapa Valley Federal Credit Un,61 13 Stoneridge #835,Findlay
Sheridan,Zane,Kentucky Tennessee Clay Co,2409 Alabama Rd,Riverside
Bulah,Padilla,Admiral Party Rentals & Sales,8927 Vandever Ave,Waco
Audra,Kohnert,"Nelson, Karolyn King Esq",134 Lewis Rd,Nashville
Daren,Weirather,Panasystems,9 N College Ave #3,Milwaukee
Fernanda,Jillson,"Shank, Edward L Esq",60480 Old Us Highway 51,Preston
Gearldine,Gellinger,Megibow & Edwards,4 Bloomfield Ave,Irving
Chau,Kitzman,"Benoff, Edward Esq",429 Tiger Ln,Beverly Hills
Theola,Frey,Woodbridge Free Public Library,54169 N Main St,Massapequa
Cheryl,Haroldson,New York Life John Thune,92 Main St,Atlantic City
Laticia,Merced,Alinabal Inc,72 Mannix Dr,Cincinnati
Carissa,Batman,"Poletto, Kim David Esq",12270 Caton Center Dr,Eugene
Lezlie,Craghead,"Chang, Carolyn Esq",749 W 18th St #45,Smithfield
Ozell,Shealy,Silver Bros Inc,8 Industry Ln,New York
Arminda,Parvis,Newtec Inc,1 Huntwood Ave,Phoenix
Reita,Leto,Creative Business Systems,55262 N French Rd,Indianapolis
Yolando,Luczki,Dal Tile Corporation,422 E 21st St,Syracuse
Lizette,Stem,Edward S Katz,501 N 19th Ave,Cherry Hill
Gregoria,Pawlowicz,Oh My Goodknits Inc,455 N Main Ave,Garden City
Carin,Deleo,"Redeker, Debbie",1844 Southern Blvd,Little Rock
Chantell,Maynerich,Desert Sands Motel,2023 Greg St,Saint Paul
Dierdre,Yum,Cummins Southern Plains Inc,63381 Jenks Ave,Philadelphia
Larae,Gudroe,Lehigh Furn Divsn Lehigh,6651 Municipal Rd,Houma
Latrice,Tolfree,United Van Lines Agent,81 Norris Ave #525,Ronkonkoma
Kerry,Theodorov,Capitol Reporters,6916 W Main St,Sacramento
Dorthy,Hidvegi,Kwik Kopy Printing,9635 S Main St,Boise
Fannie,Lungren,Centro Inc,17 Us Highway 111,Round Rock
Evangelina,Radde,"Campbell, Jan Esq",992 Civic Center Dr,Philadelphia
Novella,Degroot,"Evans, C Kelly Esq",303 N Radcliffe St,Hilo
Clay,Hoa,Scat Enterprises,73 Saint Ann St #86,Reno
Jennifer,Fallick,"Nagle, Daniel J Esq",44 58th St,Wheeling
Irma,Wolfgramm,Serendiquity Bed & Breakfast,9745 W Main St,Randolph
Eun,Coody,Ray Carolyne Realty,84 Bloomfield Ave,Spartanburg
Sylvia,Cousey,"Berg, Charles E",287 Youngstown Warren Rd,Hampstead
Nana,Wrinkles,"Ray, Milbern D",6 Van Buren St,Mount Vernon
Layla,Springe,Chadds Ford Winery,229 N Forty Driv,New York
Joesph,Degonia,A R Packaging,2887 Knowlton St #5435,Berkeley
Annabelle,Boord,Corn Popper,523 Marquette Ave,Concord
Stephaine,Vinning,Birite Foodservice Distr,3717 Hamann Industrial Pky,San Francisco
Nelida,Sawchuk,Anchorage Museum Of Hist & Art,3 State Route 35 S,Paramus
Marguerita,Hiatt,"Haber, George D Md",82 N Highway 67,Oakley
Carmela,Cookey,Royal Pontiac Olds Inc,9 Murfreesboro Rd,Chicago
Junita,Brideau,Leonards Antiques Inc,6 S Broadway St,Cedar Grove
Claribel,Varriano,Meca,6 Harry L Dr #6327,Perrysburg
Benton,Skursky,Nercon Engineering & Mfg Inc,47939 Porter Ave,Gardena
Hillary,Skulski,Replica I,9 Wales Rd Ne #914,Homosassa
Merilyn,Bayless,20 20 Printing Inc,195 13n N,Santa Clara
Teri,Ennaco,Publishers Group West,99 Tank Farm Rd,Hazleton
Merlyn,Lawler,"Nischwitz, Jeffrey L Esq",4671 Alemany Blvd,Jersey City
Georgene,Montezuma,Payne Blades & Wellborn Pa,98 University Dr,San Ramon
Jettie,Mconnell,Coldwell Bnkr Wright Real Est,50 E Wacker Dr,Bridgewater
Lemuel,Latzke,Computer Repair Service,70 Euclid Ave #722,Bohemia
Melodie,Knipp,Fleetwood Building Block Inc,326 E Main St #6496,Thousand Oaks
Candida,Corbley,Colts Neck Medical Assocs Inc,406 Main St,Somerville
Karan,Karpin,New England Taxidermy,3 Elmwood Dr,Beaverton
Andra,Scheyer,"Ludcke, George O Esq",9 Church St,Salem
Felicidad,Poullion,"Mccorkle, Tom S Esq",9939 N 14th St,Riverton
Belen,Strassner,Eagle Software Inc,5384 Southwyck Blvd,Douglasville
Gracia,Melnyk,Juvenile & Adult Super,97 Airport Loop Dr,Jacksonville
Jolanda,Hanafan,"Perez, Joseph J Esq",37855 Nolan Rd,Bangor
Barrett,Toyama,Case Foundation Co,4252 N Washington Ave #9,Kennedale
Helga,Fredicks,Eis Environmental Engrs Inc,42754 S Ash Ave,Buffalo
Ashlyn,Pinilla,Art Crafters,703 Beville Rd,Opa Locka
Fausto,Agramonte,Marriott Hotels Resorts Suites,5 Harrison Rd,New York
Ronny,Caiafa,Remaco Inc,73 Southern Blvd,Philadelphia
Marge,Limmel,"Bjork, Robert D Jr",189 Village Park Rd,Crestview
Norah,Waymire,"Carmichael, Jeffery L Esq",6 Middlegate Rd #106,San Francisco
Aliza,Baltimore,"Andrews, J Robert Esq",1128 Delaware St,San Jose
Mozell,Pelkowski,Winship & Byrne,577 Parade St,South San Francisco
Viola,Bitsuie,Burton & Davis,70 Mechanic St,Northridge
Franklyn,Emard,Olympic Graphic Arts,4379 Highway 116,Philadelphia
Willodean,Konopacki,Magnuson,55 Hawthorne Blvd,Lafayette
Beckie,Silvestrini,A All American Travel Inc,7116 Western Ave,Dearborn
Rebecka,Gesick,Polykote Inc,2026 N Plankinton Ave #3,Austin
Frederica,Blunk,Jets Cybernetics,99586 Main St,Dallas
Glen,Bartolet,Metlab Testing Services,8739 Hudson St,Vashon
Freeman,Gochal,"Kellermann, William T Esq",383 Gunderman Rd #197,Coatesville
Vincent,Meinerding,"Arturi, Peter D Esq",4441 Point Term Mkt,Philadelphia
Rima,Bevelacqua,Mcauley Mfg Co,2972 Lafayette Ave,Gardena
Glendora,Sarbacher,Defur Voran Hanley Radcliff,2140 Diamond Blvd,Rohnert Park
Avery,Steier,Dill Dill Carr & Stonbraker Pc,93 Redmond Rd #492,Orlando
Cristy,Lother,Kleensteel,3989 Portage Tr,Escondido
Nicolette,Brossart,Goulds Pumps Inc Slurry Pump,1 Midway Rd,Westborough
Tracey,Modzelewski,Kansas City Insurance Report,77132 Coon Rapids Blvd Nw,Conroe
Virgina,Tegarden,Berhanu International Foods,755 Harbor Way,Milwaukee
Tiera,Frankel,Roland Ashcroft,87 Sierra Rd,El Monte
Alaine,Bergesen,Hispanic Magazine,7667 S Hulen St #42,Yonkers
Earleen,Mai,Little Sheet Metal Co,75684 S Withlapopka Dr #32,Dallas
Leonida,Gobern,"Holmes, Armstead J Esq",5 Elmwood Park Blvd,Biloxi
Ressie,Auffrey,"Faw, James C Cpa",23 Palo Alto Sq,Miami
Justine,Mugnolo,Evans Rule Company,38062 E Main St,New York
Eladia,Saulter,Tyee Productions Inc,3958 S Dupont Hwy #7,Ramsey
Chaya,Malvin,Dunnells & Duvall,560 Civic Center Dr,Ann Arbor
Gwenn,Suffield,Deltam Systems Inc,3270 Dequindre Rd,Deer Park
Salena,Karpel,Hammill Mfg Co,1 Garfield Ave #7,Canton
Yoko,Fishburne,Sams Corner Store,9122 Carpenter Ave,New Haven
Taryn,Moyd,"Siskin, Mark J Esq",48 Lenox St,Fairfax
Katina,Polidori,Cape & Associates Real Estate,5 Little River Tpke,Wilmington
Rickie,Plumer,Merrill Lynch,3 N Groesbeck Hwy,Toledo
Alex,Loader,"Sublett, Scott Esq",37 N Elm St #916,Tacoma
Lashon,Vizarro,Sentry Signs,433 Westminster Blvd #590,Roseville
Lauran,Burnard,Professionals Unlimited,66697 Park Pl #3224,Riverton
Ceola,Setter,Southern Steel Shelving Co,96263 Greenwood Pl,Warren
My,Rantanen,"Bosco, Paul J",8 Mcarthur Ln,Richboro
Lorrine,Worlds,"Longo, Nicholas J Esq",8 Fair Lawn Ave,Tampa
Peggie,Sturiale,Henry County Middle School,9 N 14th St,El Cajon
Marvel,Raymo,Edison Supply & Equipment Co,9 Vanowen St,College Station
Daron,Dinos,"Wolf, Warren R Esq",18 Waterloo Geneva Rd,Highland Park
An,Fritz,Linguistic Systems Inc,506 S Hacienda Dr,Atlantic City
Portia,Stimmel,Peace Christian Center,3732 Sherman Ave,Bridgewater
Rhea,Aredondo,Double B Foods Inc,25657 Live Oak St,Brooklyn
Benedict,Sama,Alexander & Alexander Inc,4923 Carey Ave,Saint Louis
Alyce,Arias,Fairbanks Scales,3196 S Rider Trl,Stockton
Heike,Berganza,Cali Sportswear Cutting Dept,3 Railway Ave #75,Little Falls
Carey,Dopico,"Garofani, John Esq",87393 E Highland Rd,Indianapolis
Dottie,Hellickson,Thompson Fabricating Co,67 E Chestnut Hill Rd,Seattle
Deandrea,Hughey,Century 21 Krall Real Estate,33 Lewis Rd #46,Burlington
Kimberlie,Duenas,Mid Contntl Rlty & Prop Mgmt,8100 Jacksonville Rd #7,Hays
Martina,Staback,Ace Signs Inc,7 W Wabansia Ave #227,Orlando
Skye,Fillingim,Rodeway Inn,25 Minters Chapel Rd #9,Minneapolis
Jade,Farrar,Bonnet & Daughter,6882 Torresdale Ave,Columbia
Charlene,Hamilton,Oshins & Gibbons,985 E 6th Ave,Santa Rosa
Geoffrey,Acey,Price Business Services,7 West Ave #1,Palatine
Stevie,Westerbeck,"Wise, Dennis W Md",26659 N 13th St,Costa Mesa
Pamella,Fortino,Super 8 Motel,669 Packerland Dr #1438,Denver
Harrison,Haufler,John Wagner Associates,759 Eldora St,New Haven
Johnna,Engelberg,Thrifty Oil Co,5 S Colorado Blvd #449,Bothell
Buddy,Cloney,Larkfield Photo,944 Gaither Dr,Strongsville
Dalene,Riden,Silverman Planetarium,66552 Malone Rd,Plaistow
Jerry,Zurcher,J & F Lumber,77 Massillon Rd #822,Satellite Beach
Haydee,Denooyer,Cleaning Station Inc,25346 New Rd,New York
Joseph,Cryer,Ames Stationers,60 Fillmore Ave,Huntington Beach
Deonna,Kippley,Midas Muffler Shops,57 Haven Ave #90,Southfield
Raymon,Calvaresi,Seaboard Securities Inc,6538 E Pomona St #60,Indianapolis
Alecia,Bubash,"Petersen, James E Esq",6535 Joyce St,Wichita Falls
Ma,Layous,Development Authority,78112 Morris Ave,North Haven
Detra,Coyier,Schott Fiber Optics Inc,96950 Hidden Ln,Aberdeen
Terrilyn,Rodeigues,Stuart J Agins,3718 S Main St,New Orleans
Salome,Lacovara,Mitsumi Electronics Corp,9677 Commerce Dr,Richmond
Garry,Keetch,Italian Express Franchise Corp,5 Green Pond Rd #4,Southampton
Matthew,Neither,American Council On Sci & Hlth,636 Commerce Dr #42,Shakopee
Theodora,Restrepo,"Kleri, Patricia S Esq",42744 Hamann Industrial Pky #82,Miami
Noah,Kalafatis,Twiggs Abrams Blanchard,1950 5th Ave,Milwaukee
Carmen,Sweigard,Maui Research & Technology Pk,61304 N French Rd,Somerset
Lavonda,Hengel,Bradley Nameplate Corp,87 Imperial Ct #79,Fargo
Junita,Stoltzman,Geonex Martel Inc,94 W Dodge Rd,Carson City
Herminia,Nicolozakes,Sea Island Div Of Fstr Ind Inc,4 58th St #3519,Scottsdale
Casie,Good,"Papay, Debbie J Esq",5221 Bear Valley Rd,Nashville
Reena,Maisto,Lane Promotions,9648 S Main,Salisbury
Mirta,Mallett,Stephen Kennerly Archts Inc Pc,7 S San Marcos Rd,New York
Cathrine,Pontoriero,Business Systems Of Wis Inc,812 S Haven St,Amarillo
Filiberto,Tawil,"Flash, Elena Salerno Esq",3882 W Congress St #799,Los Angeles
Raul,Upthegrove,"Neeley, Gregory W Esq",4 E Colonial Dr,La Mesa
Sarah,Candlish,Alabama Educational Tv Comm,45 2nd Ave #9759,Atlanta
Lucy,Treston,Franz Inc,57254 Brickell Ave #372,Worcester
Judy,Aquas,Plantation Restaurant,8977 Connecticut Ave Nw #3,Niles
Yvonne,Tjepkema,Radio Communications Co,9 Waydell St,Fairfield
Kayleigh,Lace,Dentalaw Divsn Hlth Care,43 Huey P Long Ave,Lafayette
Felix,Hirpara,American Speedy Printing Ctrs,7563 Cornwall Rd #4462,Denver
Tresa,Sweely,"Grayson, Grant S Esq",22 Bridle Ln,Valley Park
Kristeen,Turinetti,Jeanerette Middle School,70099 E North Ave,Arlington
Jenelle,Regusters,"Haavisto, Brian F Esq",3211 E Northeast Loop,Tampa
Renea,Monterrubio,Wmmt Radio Station,26 Montgomery St,Atlanta
Olive,Matuszak,Colony Paints Sales Ofc & Plnt,13252 Lighthouse Ave,Cathedral City
Ligia,Reiber,Floral Expressions,206 Main St #2804,Lansing
Christiane,Eschberger,Casco Services Inc,96541 W Central Blvd,Phoenix
Goldie,Schirpke,"Reuter, Arthur C Jr",34 Saint George Ave #2,Bangor
Loreta,Timenez,"Kaminski, Katherine Andritsaki",47857 Coney Island Ave,Clinton
Fabiola,Hauenstein,Sidewinder Products Corp,8573 Lincoln Blvd,York
Amie,Perigo,General Foam Corporation,596 Santa Maria Ave #7913,Mesquite
Raina,Brachle,Ikg Borden Divsn Harsco Corp,3829 Ventura Blvd,Butte
Erinn,Canlas,Anchor Computer Inc,13 S Hacienda Dr,Livingston
Cherry,Lietz,Sebring & Co,40 9th Ave Sw #91,Waterford
Kattie,Vonasek,H A C Farm Lines Co Optv Assoc,2845 Boulder Crescent St,Cleveland
Lilli,Scriven,"Hunter, John J Esq",33 State St,Abilene
Whitley,Tomasulo,Freehold Fence Co,2 S 15th St,Fort Worth
Barbra,Adkin,Binswanger,4 Kohler Memorial Dr,Brooklyn
Hermila,Thyberg,Chilton Malting Co,1 Rancho Del Mar Shopping C,Providence
Jesusita,Flister,"Schoen, Edward J Jr",3943 N Highland Ave,Lancaster
Caitlin,Julia,"Helderman, Seymour Cpa",5 Williams St,Johnston
Roosevelt,Hoffis,"Denbrook, Myron",60 Old Dover Rd,Hialeah
Helaine,Halter,"Lippitt, Mike",8 Sheridan Rd,Jersey City
Lorean,Martabano,"Hiram, Hogg P Esq",85092 Southern Blvd,San Antonio
France,Buzick,In Travel Agency,64 Newman Springs Rd E,Brooklyn
Justine,Ferrario,Newhart Foods Inc,48 Stratford Ave,Pomona
Adelina,Nabours,Courtyard By Marriott,80 Pittsford Victor Rd #9,Cleveland
Derick,Dhamer,"Studer, Eugene A Esq",87163 N Main Ave,New York
Jerry,Dallen,Seashore Supply Co Waretown,393 Lafayette Ave,Richmond
Leota,Ragel,Mayar Silk Inc,99 5th Ave #33,Trion
Jutta,Amyot,National Medical Excess Corp,49 N Mays St,Broussard
Aja,Gehrett,Stero Company,993 Washington Ave,Nutley
Kirk,Herritt,"Hasting, H Duane Esq",88 15th Ave Ne,Vestal
Leonora,Mauson,Insty Prints,3381 E 40th Ave,Passaic
Winfred,Brucato,Glenridge Manor Mobile Home Pk,201 Ridgewood Rd,Moscow
Tarra,Nachor,Circuit Solution Inc,39 Moccasin Dr,San Francisco
Corinne,Loder,Local Office,4 Carroll St,North Attleboro
Dulce,Labreche,Lee Kilkelly Paulson & Kabaker,9581 E Arapahoe Rd,Rochester
Kate,Keneipp,"Davis, Maxon R Esq",33 N Michigan Ave,Green Bay
Kaitlyn,Ogg,"Garrison, Paul E Esq",2 S Biscayne Blvd,Baltimore
Sherita,Saras,Black History Resource Center,8 Us Highway 22,Colorado Springs
Lashawnda,Stuer,"Rodriguez, J Christopher Esq",7422 Martin Ave #8,Toledo
Ernest,Syrop,Grant Family Health Center,94 Chase Rd,Hyattsville
Nobuko,Halsey,Goeman Wood Products Inc,8139 I Hwy 10 #92,New Bedford
Lavonna,Wolny,"Linhares, Kenneth A Esq",5 Cabot Rd,Mc Lean
Lashaunda,Lizama,Earnhardt Printing,3387 Ryan Dr,Hanover
Mariann,Bilden,H P G Industrys Inc,3125 Packer Ave #9851,Austin
Helene,Rodenberger,Bailey Transportation Prod Inc,347 Chestnut St,Peoria
Roselle,Estell,Mcglynn Bliss Pc,8116 Mount Vernon Ave,Bucyrus
Samira,Heintzman,Mutual Fish Co,8772 Old County Rd #5410,Kent
Margart,Meisel,"Yeates, Arthur L Aia",868 State St #38,Cincinnati
Kristofer,Bennick,"Logan, Ronald J Esq",772 W River Dr,Bloomington
Weldon,Acuff,Advantage Martgage Company,73 W Barstow Ave,Arlington Heights
Shalon,Shadrick,Germer And Gertz Llp,61047 Mayfield Ave,Brooklyn
Denise,Patak,Spence Law Offices,2139 Santa Rosa Ave,Orlando
Louvenia,Beech,John Ortiz Nts Therapy Center,598 43rd St,Beverly Hills
Audry,Yaw,Mike Uchrin Htg & Air Cond Inc,70295 Pioneer Ct,Brandon
Kristel,Ehmann,"Mccoy, Joy Reynolds Esq",92899 Kalakaua Ave,El Paso
Vincenza,Zepp,Kbor 1600 Am,395 S 6th St #2,El Cajon
Elouise,Gwalthney,Quality Inn Northwest,9506 Edgemore Ave,Bladensburg
Venita,Maillard,Wallace Church Assoc Inc,72119 S Walker Ave #63,Anaheim
Kasandra,Semidey,Can Tron,369 Latham St #500,Saint Louis
Xochitl,Discipio,Ravaal Enterprises Inc,3158 Runamuck Pl,Round Rock
Maile,Linahan,Thompson Steel Company Inc,9 Plainsboro Rd #598,Greensboro
Krissy,Rauser,"Anderson, Mark A Esq",8728 S Broad St,Coram
Pete,Dubaldi,Womack & Galich,2215 Prosperity Dr,Lyndhurst
Linn,Paa,Valerie & Company,1 S Pine St,Memphis
Paris,Wide,Gehring Pumps Inc,187 Market St,Atlanta
Wynell,Dorshorst,"Haehnel, Craig W Esq",94290 S Buchanan St,Pacifica
Quentin,Birkner,Spoor Behrins Campbell & Young,7061 N 2nd St,Burnsville
Regenia,Kannady,Ken Jeter Store Equipment Inc,10759 Main St,Scottsdale
Sheron,Louissant,"Potter, Brenda J Cpa",97 E 3rd St #9,Long Island City
Izetta,Funnell,Baird Kurtz & Dobson,82 Winsor St #54,Atlanta
Rodolfo,Butzen,"Minor, Cynthia A Esq",41 Steel Ct,Northfield
Zona,Colla,"Solove, Robert A Esq",49440 Dearborn St,Norwalk
Serina,Zagen,Mark Ii Imports Inc,7 S Beverly Dr,Fort Wayne
Paz,Sahagun,White Sign Div Ctrl Equip Co,919 Wall Blvd,Meridian
Markus,Lukasik,M & M Store Fixtures Co Inc,89 20th St E #779,Sterling Heights
Jaclyn,Bachman,Judah Caster & Wheel Co,721 Interstate 45 S,Colorado Springs
Cyril,Daufeldt,Galaxy International Inc,3 Lawton St,New York
Gayla,Schnitzler,Sigma Corp Of America,38 Pleasant Hill Rd,Hayward
Erick,Nievas,"Soward, Anne Esq",45 E Acacia Ct,Chicago
Jennie,Drymon,"Osborne, Michelle M Esq",63728 Poway Rd #1,Scranton
Mitsue,Scipione,Students In Free Entrprs Natl,77 222 Dr,Oroville
Ciara,Ventura,"Johnson, Robert M Esq",53 W Carey St,Port Jervis
Galen,Cantres,Del Charro Apartments,617 Nw 36th Ave,Brook Park
Truman,Feichtner,Legal Search Inc,539 Coldwater Canyon Ave,Bloomfield
Gail,Kitty,Service Supply Co Inc,735 Crawford Dr,Anchorage
Dalene,Schoeneck,"Sameshima, Douglas J Esq",910 Rahway Ave,Philadelphia
Gertude,Witten,"Thompson, John Randolph Jr",7 Tarrytown Rd,Cincinnati
Lizbeth,Kohl,E T Balancing Co Inc,35433 Blake St #588,Gardena
Glenn,Berray,"Griswold, John E Esq",29 Cherry St #7073,Des Moines
Lashandra,Klang,Acqua Group,810 N La Brea Ave,King of Prussia
Lenna,Newville,"Brooks, Morris J Jr",987 Main St,Raleigh
Laurel,Pagliuca,Printing Images Corp,36 Enterprise St Se,Richland
Mireya,Frerking,Roberts Supply Co Inc,8429 Miller Rd,Pelham
Annelle,Tagala,Vico Products Mfg Co,5 W 7th St,Parkville
Dean,Ketelsen,J M Custom Design Millwork,2 Flynn Rd,Hicksville
Levi,Munis,Farrell & Johnson Office Equip,2094 Ne 36th Ave,Worcester
Sylvie,Ryser,Millers Market & Deli,649 Tulane Ave,Tulsa
Sharee,Maile,Holiday Inn Naperville,2094 Montour Blvd,Muskegon
Cordelia,Storment,"Burrows, Jon H Esq",393 Hammond Dr,Lafayette
Mollie,Mcdoniel,Dock Seal Specialty,8590 Lake Lizzie Dr,Bowling Green
Brett,Mccullan,Five Star Limousines Of Tx Inc,87895 Concord Rd,La Mesa
Teddy,Pedrozo,"Barkan, Neal J Esq",46314 Route 130,Bridgeport
Tasia,Andreason,"Campbell, Robert A",4 Cowesett Ave,Kearny
Hubert,Walthall,"Dee, Deanna",95 Main Ave #2,Barberton
Arthur,Farrow,"Young, Timothy L Esq",28 S 7th St #2824,Englewood
Vilma,Berlanga,"Wells, D Fred Esq",79 S Howell Ave,Grand Rapids
Billye,Miro,"Gray, Francine H Esq",36 Lancaster Dr Se,Pearl
Glenna,Slayton,Toledo Iv Care,2759 Livingston Ave,Memphis
Mitzie,Hudnall,Cangro Transmission Co,17 Jersey Ave,Englewood
Bernardine,Rodefer,Sat Poly Inc,2 W Grand Ave,Memphis
Staci,Schmaltz,Midwest Contracting & Mfg Inc,18 Coronado Ave #563,Pasadena
Nichelle,Meteer,Print Doctor,72 Beechwood Ter,Chicago
Janine,Rhoden,Nordic Group Inc,92 Broadway,Astoria
Ettie,Hoopengardner,Jackson Millwork Co,39 Franklin Ave,Richland
Eden,Jayson,Harris Corporation,4 Iwaena St,Baltimore
Lynelle,Auber,United Cerebral Palsy Of Ne Pa,32820 Corkwood Rd,Newark
Merissa,Tomblin,One Day Surgery Center Inc,34 Raritan Center Pky,Bellflower
Golda,Kaniecki,Calaveras Prospect,6201 S Nevada Ave,Toms River
Catarina,Gleich,"Terk, Robert E Esq",78 Maryland Dr #146,Denville
Virgie,Kiel,"Cullen, Terrence P Esq",76598 Rd  I 95 #1,Denver
Jolene,Ostolaza,Central Die Casting Mfg Co Inc,1610 14th St Nw,Newport News
Keneth,Borgman,Centerline Engineering,86350 Roszel Rd,Phoenix
Rikki,Nayar,Targan & Kievit Pa,1644 Clove Rd,Miami
Elke,Sengbusch,Riley Riper Hollin & Colagreco,9 W Central Ave,Phoenix
Hoa,Sarao,"Kaplan, Joel S Esq",27846 Lafayette Ave,Oak Hill
Trinidad,Mcrae,Water Office,10276 Brooks St,San Francisco
Mari,Lueckenbach,"Westbrooks, Nelson E Jr",1 Century Park E,San Diego
Selma,Husser,Armon Communications,9 State Highway 57 #22,Jersey City
Antione,Onofrio,Jacobs & Gerber Inc,4 S Washington Ave,San Bernardino
Luisa,Jurney,Forest Fire Laboratory,25 Se 176th Pl,Cambridge
Clorinda,Heimann,"Haughey, Charles Jr",105 Richmond Valley Rd,Escondido
Dick,Wenzinger,Wheaton Plastic Products,22 Spruce St #595,Gardena
Ahmed,Angalich,Reese Plastics,2 W Beverly Blvd,Harrisburg
Iluminada,Ohms,Nazette Marner Good Wendt,72 Southern Blvd,Mesa
Joanna,Leinenbach,Levinson Axelrod Wheaton,1 Washington St,Lake Worth
Caprice,Suell,"Egnor, W Dan Esq",90177 N 55th Ave,Nashville
Stephane,Myricks,Portland Central Thriftlodge,9 Tower Ave,Burlington
Quentin,Swayze,Ulbrich Trucking,278 Bayview Ave,Milan
Annmarie,Castros,Tipiak Inc,80312 W 32nd St,Conroe
Shonda,Greenbush,Saint George Well Drilling,82 Us Highway 46,Clifton
Cecil,Lapage,"Hawkes, Douglas D",4 Stovall St #72,Union City
Jeanice,Claucherty,Accurel Systems Intrntl Corp,19 Amboy Ave,Miami
Josphine,Villanueva,Santa Cruz Community Internet,63 Smith Ln #8343,Moss
Daniel,Perruzza,Gersh & Danielson,11360 S Halsted St,Santa Ana
Cassi,Wildfong,"Cobb, James O Esq",26849 Jefferson Hwy,Rolling Meadows
Britt,Galam,Wheatley Trucking Company,2500 Pringle Rd Se #508,Hatfield
Adell,Lipkin,Systems Graph Inc Ab Dick Dlr,65 Mountain View Dr,Whippany
Jacqueline,Rowling,John Hancock Mutl Life Ins Co,1 N San Saba,Erie
Lonny,Weglarz,History Division Of State,51120 State Route 18,Salt Lake City
Lonna,Diestel,"Dimmock, Thomas J Esq",1482 College Ave,Fayetteville
Cristal,Samara,Intermed Inc,4119 Metropolitan Dr,Los Angeles
Kenneth,Grenet,Bank Of New York,2167 Sierra Rd,East Lansing
Elli,Mclaird,Sportmaster Intrnatl,6 Sunrise Ave,Utica
Alline,Jeanty,W W John Holden Inc,55713 Lake City Hwy,South Bend
Sharika,Eanes,Maccani & Delp,75698 N Fiesta Blvd,Orlando
Nu,Mcnease,Amazonia Film Project,88 Sw 28th Ter,Harrison
Daniela,Comnick,Water & Sewer Department,7 Flowers Rd #403,Trenton
Cecilia,Colaizzo,Switchcraft Inc,4 Nw 12th St #3849,Madison
Leslie,Threets,C W D C Metal Fabricators,2 A Kelley Dr,Katonah
Nan,Koppinger,"Shimotani, Grace T",88827 Frankford Ave,Greensboro
Izetta,Dewar,"Lisatoni, Jean Esq",2 W Scyene Rd #3,Baltimore
Tegan,Arceo,Ceramic Tile Sales Inc,62260 Park Stre,Monroe Township
Ruthann,Keener,Maiden Craft Inc,3424 29th St Se,Kerrville
Joni,Breland,Carriage House Cllsn Rpr Inc,35 E Main St #43,Elk Grove Village
Vi,Rentfro,Video Workshop,7163 W Clark Rd,Freehold
Colette,Kardas,Fresno Tile Center Inc,21575 S Apple Creek Rd,Omaha
Malcolm,Tromblay,Versatile Sash & Woodwork,747 Leonis Blvd,Annandale
Ryan,Harnos,Warner Electric Brk & Cltch Co,13 Gunnison St,Plano
Jess,Chaffins,New York Public Library,18 3rd Ave,New York
Sharen,Bourbon,"Mccaleb, John A Esq",62 W Austin St,Syosset
Nickolas,Juvera,United Oil Co Inc,177 S Rider Trl #52,Crystal River
Gary,Nunlee,Irving Foot Center,2 W Mount Royal Ave,Fortville
Diane,Devreese,Acme Supply Co,1953 Telegraph Rd,Saint Joseph
Roslyn,Chavous,"Mcrae, James L",63517 Dupont St,Jackson
Glory,Schieler,Mcgraths Seafood,5 E Truman Rd,Abilene
Rasheeda,Sayaphon,"Kummerer, J Michael Esq",251 Park Ave #979,Saratoga
Alpha,Palaia,"Stoffer, James M Jr",43496 Commercial Dr #29,Cherry Hill
Refugia,Jacobos,North Central Fl Sfty Cncl,2184 Worth St,Hayward
Shawnda,Yori,Fiorucci Foods Usa Inc,50126 N Plankinton Ave,Longwood
Mona,Delasancha,Sign All,38773 Gravois Ave,Cheyenne
Gilma,Liukko,Sammys Steak Den,16452 Greenwich St,Garden City
Janey,Gabisi,"Dobscha, Stephen F Esq",40 Cambridge Ave,Madison
Lili,Paskin,Morgan Custom Homes,20113 4th Ave E,Kearny
Loren,Asar,Olsen Payne & Company,6 Ridgewood Center Dr,Old Forge
Dorothy,Chesterfield,Cowan & Kelly,469 Outwater Ln,San Diego
Gail,Similton,"Johnson, Wes Esq",62 Monroe St,Thousand Palms
Catalina,Tillotson,Icn Pharmaceuticals Inc,3338 A Lockport Pl #6,Margate City
Lawrence,Lorens,New England Sec Equip Co Inc,9 Hwy,Providence
Carlee,Boulter,"Tippett, Troy M Ii",8284 Hart St,Abilene
Thaddeus,Ankeny,Atc Contracting,5 Washington St #1,Roseville
Jovita,Oles,"Pagano, Philip G Esq",8 S Haven St,Daytona Beach
Alesia,Hixenbaugh,Kwikprint,9 Front St,Washington
Lai,Harabedian,Buergi & Madden Scale,1933 Packer Ave #2,Novato
Brittni,Gillaspie,Inner Label,67 Rv Cent,Boise
Raylene,Kampa,Hermar Inc,2 Sw Nyberg Rd,Elkhart
Flo,Bookamer,Simonton Howe & Schneider Pc,89992 E 15th St,Alliance
Jani,Biddy,Warehouse Office & Paper Prod,61556 W 20th Ave,Seattle
Chauncey,Motley,Affiliated With Travelodge,63 E Aurora Dr,Orlando
